gcp_project_id,classification
hackystack-bigquery-e5227790,internal
glam-test-021fcaf1,internal
glabit-dev-4a1a6f9e,internal
glabit-prd-985de53e,internal
deploy-stage-shared-i-e55e01cb,internal
dev-eco-integrations-00928fe7,internal
dev-package-container-96a3ff34,internal
dev-package-registry-db7a29c9,internal
dev-search-perf-test-c5ac74d0,internal
eng-dev-secure-sastbe-8870c63b,internal
eng-dev-secure-vuln-2251a841,internal
gitaly-benchmark-0150d6cf,internal
product-analytics-env-a0f797dc,internal
unreview-poc-390200e5,internal
snipeit-stg-2ae8aeb6,internal
platypus-dev-2af94120,internal
demosys-cs-vendors-e0d84768,internal
jmartin-test141859-5f9ddf65,internal
sa-candidate-experien-8049f430,internal
sales-cs-sandbox-sa-c-f59c8264,internal
hackystack-dedicated-611e1fb3,internal
echang-43c48a7c,internal
jlyttle-7b31e786,internal
steveslaughter-x-66292dea,internal
sec-compliance-iscp-c3cb3043,internal
sec-gsoc-pkg-hunter-549cc267,internal
sec-vuln-mgmt-ca371c51,internal
tines-integration-7f1dcc43,internal
sec-pm-demo-fe397a9f,internal
csaavedra-f609ce23,internal
opstrace-dev-bee41fca,internal
opstrace-prd-ac6ca492,internal
opstrace-stg-a8655950,internal
successbot-prod-7f4d921a,internal
slack-success-bot-de61e634,internal
eng-service-license-d-47baafdf,internal
eng-service-license-d-a758d917,internal
ext-license-db-dev-d6ba6f35,internal
ext-license-db-prd-43e2753d,internal
sales-cs-postfacto-3ec9e6c4,internal
tenable-connector-a163ba0c,internal
instruqt-images-b4cbe594,internal
jchoi2-210eaeef,internal
authomize-0efdaed2,internal
it-archie-9b4d56e6,internal
it-ops-config-mgmt-bdc02252,internal
revenue-strategy-anal-411d5a72,internal
rraquedan-gcp-demo-78d62ccc,internal
service-sirt-devo-5eaff5ea,internal
dev-create-remote-61feb5c0,internal
eng-infra-f89b4e6c,internal
pagerslack-prd-a360db62,internal
dns-zones-a1ce7e00,internal
nexus-dev-bdb87b57,internal
nexus-prd-df6830ed,internal
msolodovnik-ext-dd2e0378,internal
alupu-57fdf28b,internal
abaer-9b1f9ee9,internal
blee-ae97ab42,internal
bgomes-25f17a60,internal
cleygraf-8cf500a4,internal
cburton-fb0e3ad5,internal
dtop-1bf3a85b,internal
iyoo-4119b47c,internal
jmoverley-9858cc9f,internal
jphilbin-d582e587,internal
jkunzmann-86b225a1,internal
jbowles-7b3d802d,internal
jbush-d52d302f,internal
jlim-14a072d5,internal
jgaetjens-c24f7967,internal
lblockken-786b9798,internal
lhowitt-47da05c8,internal
mmcvay-f10a6d99,internal
ning-19665496,internal
nsharma-42226cb3,internal
pdumaitre-ce6a56e1,internal
pbozso-9d04dfe9,internal
pattouche-e91e5654,internal
rraquedan-3914aafb,internal
rwilliams-41f787bc,internal
smathur-4de34871,internal
schaplin-955ff72d,internal
svijayakumaran-2cee4dcf,internal
tmedlin-40a0b706,internal
tgieschen-431afee7,internal
tdecaire-4229eeae,internal
vbudica-99836d48,internal
sbrightwell-bc525ce8,internal
adess-821d175b,internal
bzhang-78d73a68,internal
ctimberlake-4ebc517e,internal
cpatachia-869737dd,internal
echan-3f35cbf0,internal
gcorrenti-45734162,internal
hazevedo-cc15ac71,internal
iouhab-6ab1473d,internal
jsandlin-c9fe7132,internal
jjones-2d821a42,internal
jrandazzo-72058b4d,internal
jfeeney-301118a5,internal
jbyrne-d62df4a9,internal
kkwentus-9dd8b2cc,internal
kmcknight-5c9c4d9e,internal
kgoossens-ff483d2e,internal
kdusek-5ca2cce5,internal
mcoulibaly-7c414b2b,internal
smsingh-dbf03362,internal
mcesario-0154ecf6,internal
msporchia-0ba8b795,internal
mgenelin-15013a1a,internal
mbrandner-e72dc91b,internal
malshehabi-7c9da4f5,internal
nsasaki-77482576,internal
pkng-c10777e3,internal
pdistefano-45132489,internal
rjackson-9384e423,internal
sakkoub-bd1da255,internal
sgrossman-1502bd7e,internal
tskora-11fd94ca,internal
tito-073eae64,internal
zhenderson-734fbb65,internal
ccartron-ad813553,internal
cchampernowne-20e65360,internal
eortega-a5c0a240,internal
jsolis-7771e83f,internal
lstucker-01cf16d9,internal
mjoof-b628d764,internal
smanicor-48377627,internal
bhenzelmann-af13fc8f,internal
dastor-081d0302,internal
vdzalbo-b1f4cf72,internal
lfaus-f8cbc756,internal
swalters-23953f6f,internal
pbopardikar-3c1388e8,internal
bridley-08aa0a81,internal
smansfield-e7b1322d,internal
skamani-3847cfb6,internal
dknopf-4af9777c,internal
eslatt-c074bd78,internal
kchasse-e6514449,internal
pete-5ed603c2,internal
andlovu-da4f2d60,internal
cpope-85ec3ea2,internal
bleducmills-c2c131b8,internal
mnichols-46593b72,internal
axil-635e068f,internal
sgerman-145e53c5,internal
ajensen-dd78bfe6,internal
esalas-ce970b66,internal
fsieverding-e655d804,internal
gshlyapinkov-7378c6f2,internal
jperry-ec017e6b,internal
kaudren-4f925d2b,internal
mwajda-f5b15465,internal
rshah-e9a1b55c,internal
shoyle-8bc8d087,internal
cguitarte-ce635b1a,internal
flivengood-93f293ff,internal
rbabatunde-6593d7f4,internal
afonseca-dec2fcf6,internal
ramarilla-23ecfc7d,internal
sbrienen-afb3d2f8,internal
rcoffin-a38d156e,internal
rfuerst-2c5d38f6,internal
sterhar-bade2411,internal
amichell-165e1cd9,internal
ckatanda-1f7288f0,internal
collen-b01d9ea6,internal
jtaylor-8d08964b,internal
jariel-8379e330,internal
lstahlman-5a200f19,internal
ndao-f96e2f84,internal
obickell-a4f7873a,internal
bma-29352d20,internal
cconover-ff02f38c,internal
remy-d65bf3c2,internal
ddieulivol-8ac9f9af,internal
jen-shin-c38fa29b,internal
rhook-068b113c,internal
vburton-cccde6ca,internal
vpatel-d32322c6,internal
cleroux-e91d0e8d,internal
nveenhof-3ae5c524,internal
gyoung-1e42b842,internal
sliaquat-2f92b468,internal
alyubenkov-8ee75f2f,internal
acunskis-86cd54d2,internal
ahohenner-cac0efba,internal
bwilkerson-b8aeef5e,internal
yliu-63eeeb5f,internal
ebralitis-57f9fcf3,internal
hmuralidhar-b05b955b,internal
jmccure-7f2fd8b0,internal
rchong-4f4da27a,internal
zmorgan-47d260c9,internal
ecoulson-aeefa06c,internal
gmyers-c41b7852,internal
lanzures-037460d7,internal
sduarte-8dfc5aad,internal
dappelt-27ef2190,internal
floudet-f6feff6a,internal
gjohnson-f058ceb3,internal
jschneeweisz-0afb62a6,internal
alockhart-bdf9420a,internal
ckuruwita-bd9d576b,internal
djain-24e43a7e,internal
hsharma-c115278f,internal
hsuezawa-a86cb671,internal
jhebden-e0199393,internal
jroppelt-e69190ae,internal
jwanjohi-9fcc2218,internal
nmalcolm-896b38a4,internal
ngeorge-b74c7c0b,internal
sgillespie-1589b7b2,internal
skahn-9ae885bf,internal
ugovindia-bca6aa7d,internal
mlancini-41a30f63,internal
cmoberly-e44ca190,internal
estrike-b2c7e3b8,internal
lcallaghan-f27cbecf,internal
mcoons-9a68729b,internal
vmairet-9884c458,internal
bboots-ea1b3f1f,internal
aluna-98d24398,internal
aherczeg-c7501b4e,internal
cbeck-f4165159,internal
dbickford-cd3464db,internal
gholtz-bc31d2f6,internal
jyoung-d1c21572,internal
oqunsul-e79b83a7,internal
partiaga-162873c0,internal
ratchade-6071ea85,internal
rzwambag-ae8dc380,internal
stan-745c536c,internal
dgriffith-5e706514,internal
dj-6416a561,internal
sberger-3d6365e2,internal
tfigueiro-43f4e3a0,internal
kamil-f200626d,internal
dfernandez-5494dd2c,internal
dgruzd-8451262b,internal
jprovaznik-76381419,internal
jpereira-b5d4149e,internal
jburnett-ad8e5d54,internal
mkaeppler-6c0c382b,internal
mkozono-798682b9,internal
mmazurskiy-95dbe3ac,internal
psteinhardt-1ee5ebab,internal
shinya-47d29a29,internal
tkuah-d8191ee8,internal
acohen-6b71bb6b,internal
asalim-d9511744,internal
alipniagov-c14e6039,internal
akalderimis-a6e568f2,internal
achueshev-4ed36838,internal
apatterson-c74dc3c3,internal
asori-44590710,internal
cdrago-d7364924,internal
cwoolley-ceef985a,internal
cwiesner-0b95d9bc,internal
hustewart-be5bff04,internal
dbiryukov-dacbc6d5,internal
jmartin-92932d23,internal
hswimelar-32627390,internal
ifrenkel-d42177d0,internal
jmartinez-99e5a214,internal
jfargher-9ee6f0e9,internal
jliu-78084cdd,internal
jcunha-09036dcf,internal
jshaw-8349b024,internal
jjoshua-b66f73fb,internal
knayak-49dedbf3,internal
lduncalfe-83462497,internal
mchao-5c1aa71f,internal
mwoolf-eee28d24,internal
mzajac-5f5b7b07,internal
nilieskou-07e4e84e,internal
pbarros-fcb47385,internal
pstrokov-305d2f97,internal
prozlach-2b5ea49f,internal
pcunningham-7b5f72e3,internal
rtomonari-84290e16,internal
rwessels-640f8e52,internal
shiltunen-e9a7da4e,internal
sabrams-c2fed692,internal
tchu-75f8f932,internal
tchupryna-6802857b,internal
twatson-6af17fcf,internal
tfurrer-c0e87d3e,internal
vtak-6d9b02af,internal
vshushlin-f420ee68,internal
vslobodin-bcb27017,internal
azubov-a74d3d88,internal
apanchal-aa5b5d38,internal
drossetti-99f82457,internal
imurray-50aeb3e5,internal
leipert-4381be1d,internal
mlunoe-6995b129,internal
pgascouvaillancourt-aaeea5c9,internal
rhunt-b5052934,internal
snachnolkar-22e7f860,internal
tbulva-e1ce96a9,internal
spatnaik-a11cc4ab,internal
tzallmann-db47dca7,internal
balasankar-7392e0f2,internal
dmakovey-c2a477b8,internal
ghickey-294a7292,internal
mnielsen-2e27a441,internal
rmarshall-e6f8433b,internal
dtang-b7e2b423,internal
csouthard-50af2b06,internal
james-f2cbfe49,internal
shampton-8f8e47c4,internal
srehm-1b259892,internal
idawson-3a9c68fb,internal
jthome-23a5093a,internal
dbolkensteyn-e37e267e,internal
mhenriksen-1dd4ea8b,internal
mart-e7a6099e,internal
pkaldis-25c20ab5,internal
iforde-93424737,internal
jford-aa12c736,internal
plaurinavicius-801f6d5d,internal
malkobaisy-3a889698,internal
dwheeler-277df745,internal
cshank-d17b9b86,internal
vstoianovici-36e9f546,internal
erubin-00c4480e,internal
gmarco-11d69639,internal
hmerscher-b5dff597,internal
schin-f87ee9b9,internal
acaiazza-8d287a40,internal
bob-24687565,internal
sean-f17b6f77,internal
mbursi-6673d026,internal
ayeung-3aed10fa,internal
ahmad-f825a0e7,internal
atolba-5a4985be,internal
cgardner-bb45242c,internal
anganga-5972de1f,internal
swalker-3769f040,internal
sgeorge-19d0d141,internal
iwiedler-027904eb,internal
jskarbek-e4e00e83,internal
sazzopardi-c49acbd3,internal
alex-78f06ef4,internal
aknight-afce6d8f,internal
cmcfarland-3481baf0,internal
cbarrett-266c50f3,internal
ccasella-21e24f76,internal
dsylva-e63b8260,internal
fsantos-dc224eb3,internal
gservat-75cb0b26,internal
hphilipps-0ca44645,internal
mfield-da536f30,internal
nduff-be401e5e,internal
pguinoiseau-d4a81af5,internal
stejacks-f649cf80,internal
vglafirov-bef12636,internal
bshah-bc0a6826,internal
emwathe-295bbdcc,internal
tkomatsubara-32f96523,internal
nhorii-21defe85,internal
jmonyhan-670b169f,internal
drivey-211fbfa1,internal
mdhakolia-92a5c11a,internal
anazir-eb91a503,internal
argdealba-14740914,internal
agounder-7bb8105c,internal
aaubury-49fe3e51,internal
aconrad-ba73e1c7,internal
astarovoytov-5992b519,internal
ahergenhan-ade04723,internal
asalii-4d470a0b,internal
apierce-44a7f44f,internal
anagayama-4dc71720,internal
bjayes-9d526a35,internal
bcarbonell-6d302357,internal
bsevy-27469a30,internal
bnyaringita-369ecd0b,internal
bfreitas-0637e356,internal
ccooper-57162f36,internal
cwilliamson-bd46cf4a,internal
clawrence-5809019a,internal
cmarais-f163b414,internal
cday-7c223fcd,internal
ckaburu-4710d862,internal
cnightingale-e725fa78,internal
cstone-077375f8,internal
cmutua-cac660ec,internal
dbailey-02855932,internal
dkua-8c20b3de,internal
dcoy-b9512694,internal
dwainaina-8abfeff3,internal
dwalker-a4c0d4b3,internal
dserafin-49fbe6cb,internal
ehilgendorf-4c34e46e,internal
ffarukh-61d26d75,internal
glong-6592ad83,internal
iblackburn-a53e1bdc,internal
jmcgrew-26f2ab64,internal
jreed-1bfe7946,internal
jlee-0ad3d09a,internal
jcastillo-38c54d28,internal
jgaughan-5c9d4fb4,internal
juliemartin-b3e0cc2e,internal
jkvedaras-219ca63f,internal
jfarmiloe-fe3f9659,internal
kmchappell-01bfac7d,internal
khrechyshkina-60eb6363,internal
klang-23fc09e6,internal
kballon-1c3a72ab,internal
kkamiya-d951c01c,internal
lbrown-8d140765,internal
mmora-ff886fd8,internal
mbadeau-58efffc8,internal
myacksmith-92419432,internal
mgibson-5f1da549,internal
mlussier-2290e16e,internal
mtrainor-d219c857,internal
mlockhart-56581c10,internal
nrosario-d183dd87,internal
njanz-2844107e,internal
ndesilva-681bb1d3,internal
onemoz-ebc7e74c,internal
pmurray-53d6b977,internal
rdeoliveira-1259dc04,internal
rverschoor-b702d512,internal
rmongare-431eae0a,internal
rcastro-4ff0429f,internal
rkelly-b24a6cae,internal
scarpenter-2d912ba9,internal
sbernaldamasco-58917af9,internal
shewitt-c9f1cb28,internal
sbouly-c38378b5,internal
sazhar-729b5e3c,internal
sstreet-2078e4c7,internal
ssrey-e885af15,internal
tmcatee-b526b6ab,internal
ufierro-0d4f6a96,internal
areddy-9c1032f4,internal
vhariharan-af4aefb7,internal
vmihai-3e2150a0,internal
vbrodsky-c985f3ec,internal
wjenkins-36891b64,internal
cng-c44cc657,internal
wchandler-a1c8fd64,internal
amulvany-7de7e8de,internal
astrachan-80c27b0e,internal
atanayno-4bfbd21c,internal
awinata-5ccb64c2,internal
asmith-13c3de91,internal
arihant-1edae166,internal
ahassanahmed-b6f57644,internal
bking-a7d60323,internal
bcarranza-ad014234,internal
cirimie-fb082371,internal
cbledsoe-425be2ef,internal
ddiniz-e4a4bcc8,internal
dstanley-cb07645f,internal
drharris-7e890f0e,internal
emunn-2d42371a,internal
faleksic-c20dc944,internal
gyoachum-d1847316,internal
ggutierrez-e41c592a,internal
harish-5f395834,internal
hchouraria-622c01ab,internal
jdasmarinas-f4ae0ec6,internal
kleinweber-442245a7,internal
lkorbasiewicz-67276b79,internal
mgrabowski-1f688ea6,internal
nblack-7175820e,internal
nelbacha-02a64514,internal
psureshbabu-37f89ce9,internal
rvanzon-d27347ca,internal
sahbabou-a5e6367b,internal
swainaina-e7bf47be,internal
twilliams-23371e2e,internal
abuerer-a78a989f,internal
iperillo-2cd84f14,internal
tatkins-4c16d7ce,internal
wlee-e9720ea2,internal
lee-a85911d6,internal
lkozloff-5ba9ec0e,internal
nfiguera-c3fe9e64,internal
tdavis-204aaa60,internal
csaavedra-91528404,internal
fdiaz-02874dfa,internal
warias-099fa08d,internal
nlotz-94c06c39,internal
kmarquart-f9e7e8dc,internal
jchoi-bda05061,internal
vnagy-ec626bda,internal
spahl-96f32ecf,internal
joshua-9c10a979,internal
jwong-7a830367,internal
sladgrove-c1a313b9,internal
boleary-15e45293,internal
gmiller-3b0d9e92,internal
arosencrans-a4d54592,internal
cmason-48a9f4a7,internal
erudinsky-734d7c20,internal
sfirdaus-d0123ef9,internal
tpresa-f4239223,internal
ryappleby-b426dcfe,internal
mleopard-41f2ea4a,internal
vponnapalli-e4707ad8,internal
jsawtelle-2b8767dc,internal
fdegier-86be477d,internal
ssrirangan-504e97bf,internal
tguo-1f1417ae,internal
cmiskell-29ddf218,internal
mhuseinbasic-81a61950,internal
tkomatsubara-9ca6aa54,internal
fneill-fa69ac4b,internal
cpallares-sandbox,internal
andrew-06c9c6d0,internal